input,khmer,label,category,source,score,ml_score,frequency,rule_score,dataset_match_score,dataset_similarity,dataset_romanized,dataset_frequency,tokens,chunks,note
pus,ពស់,1,rule_generated,rule_cc_bantoc,2.743857142857143,,,0.76,0.8939,0.8571,pous,1,p u s,[],
pus,ភស់,1,rule_generated,rule_cc_bantoc,1.85,,,0.76,0,,,,p u s,[],
pus,ភូស,1,rule_generated,rule_cvc,2.7338571428571425,,,0.75,0.8939,0.8571,phus,1,p u s,[],
pus,ពុះ,1,rule_generated,rule_cv,2.6243,,,0.7,0.751,0.6667,puh,1,p us,[],
pus,ភុះ,1,rule_generated,rule_cv,1.8733,,,0.7,0,,,,p us,[],
pus,ប៉ុះ,1,rule_generated,rule_cv,1.8733,,,0.7,0,,,,p us,[],
pus,ពុស,1,rule_generated,rule_cvc,1.8399999999999999,,,0.75,0,,,,p u s,[],
pus,ពូស,1,rule_generated,rule_cvc,1.8399999999999999,,,0.75,0,,,,p u s,[],
pus,ភុស,1,rule_generated,rule_cvc,1.8399999999999999,,,0.75,0,,,,p u s,[],
chlous,ឈ្លោះ,1,exact_dictionary,dictionary_exact,4.502,,1,,1.001,1.0,chlous,1,,'',
chlous,ចន្លោះ,1,rule_generated,rule_domrurt_shortcut,2.722923076923077,,,0.72,0.8279,0.7692,chunlos,1,ch l ous,[],
chlous,ជម្លោះ,1,rule_generated,rule_domrurt_shortcut,2.5745714285714287,,,0.72,0.6796,0.5714,chomluoh,1,ch l ous,[],
kom,កម,1,exact_dictionary,dictionary_exact,4.002,,1,,1.001,1,kom,1,,'',
kom,កុំ,1,exact_dictionary,dictionary_exact,4.002,,1,,1.001,1,kom,1,,'',
kom,គម,1,exact_dictionary,dictionary_exact,4.002,,1,,1.001,1,kom,1,,'',
kom,កុមារ,0,dictionary_completion,dictionary_completion,3.386857143,,2,,0.8949,0.8571,koma,2,,'',
kom,កំដឹង,0,dictionary_completion,dictionary_completion,3.2945,,1,,0.8135,0.75,komdg,1,,'',
kom,កម្លា,0,dictionary_completion,dictionary_completion,3.2945,,1,,0.8135,0.75,komla,1,,'',
kom,កមល,0,dictionary_completion,dictionary_completion,3.2945,,1,,0.8135,0.75,komol,1,,'',
kom,កុំឲ្យ,0,dictionary_completion,dictionary_completion,3.2945,,1,,0.8135,0.75,komoy,1,,'',
kom,គម្ពីរ,0,dictionary_completion,dictionary_completion,3.2945,,1,,0.8135,0.75,kompi,1,,'',
kom,កម្ពុ,0,dictionary_completion,dictionary_completion,3.2945,,1,,0.8135,0.75,kompu,1,,'',
kom,កុមុទ,0,dictionary_completion,dictionary_completion,3.2945,,1,,0.8135,0.75,komut,1,,'',
kom,កង្រអុំ,0,rule_generated,rule_omitted_r_sequence,1.6133,,,0.44,0,,,,k om,"[['k', 'r'], ['om']]",
kom,កង្រអំ,0,rule_generated,rule_omitted_r_sequence,1.6133,,,0.44,0,,,,k om,"[['k', 'r'], ['om']]",
kom,គង្រអុំ,0,rule_generated,rule_omitted_r_sequence,1.6133,,,0.44,0,,,,k om,"[['k', 'r'], ['om']]",
kom,គង្រអំ,0,rule_generated,rule_omitted_r_sequence,1.6133,,,0.44,0,,,,k om,"[['k', 'r'], ['om']]",
kom,កម្រអុំ,0,rule_generated,rule_omitted_r_sequence,1.6133,,,0.44,0,,,,k om,"[['k', 'r'], ['om']]",
kom,កម្រអំ,0,rule_generated,rule_omitted_r_sequence,1.6133,,,0.44,0,,,,k om,"[['k', 'r'], ['om']]",
kom,គម្រអុំ,0,rule_generated,rule_omitted_r_sequence,1.6133,,,0.44,0,,,,k om,"[['k', 'r'], ['om']]",
kom,គម្រអំ,0,rule_generated,rule_omitted_r_sequence,1.6133,,,0.44,0,,,,k om,"[['k', 'r'], ['om']]",
kom,ក្រអុំ,0,rule_generated,rule_omitted_r_sequence,1.6033,,,0.43,0,,,,k om,"[['k', 'r'], ['om']]",
kom,ក្រអំ,0,rule_generated,rule_omitted_r_sequence,1.6033,,,0.43,0,,,,k om,"[['k', 'r'], ['om']]",
kom,គ្រអុំ,0,rule_generated,rule_omitted_r_sequence,1.6033,,,0.43,0,,,,k om,"[['k', 'r'], ['om']]",
kom,គ្រអំ,0,rule_generated,rule_omitted_r_sequence,1.6033,,,0.43,0,,,,k om,"[['k', 'r'], ['om']]",
kom,កង្រអ៊ុំ,0,rule_generated,rule_omitted_r_sequence,1.6033,,,0.43,0,,,,k om,"[['k', 'r'], ['om']]",
kom,កង្រអ៊ំ,0,rule_generated,rule_omitted_r_sequence,1.6033,,,0.43,0,,,,k om,"[['k', 'r'], ['om']]",
kom,គង្រអ៊ុំ,0,rule_generated,rule_omitted_r_sequence,1.6033,,,0.43,0,,,,k om,"[['k', 'r'], ['om']]",
kom,គង្រអ៊ំ,0,rule_generated,rule_omitted_r_sequence,1.6033,,,0.43,0,,,,k om,"[['k', 'r'], ['om']]",
kom,កម្រអ៊ុំ,0,rule_generated,rule_omitted_r_sequence,1.6033,,,0.43,0,,,,k om,"[['k', 'r'], ['om']]",
kom,កម្រអ៊ំ,0,rule_generated,rule_omitted_r_sequence,1.6033,,,0.43,0,,,,k om,"[['k', 'r'], ['om']]",
kom,គម្រអ៊ុំ,0,rule_generated,rule_omitted_r_sequence,1.6033,,,0.43,0,,,,k om,"[['k', 'r'], ['om']]",
kom,គម្រអ៊ំ,0,rule_generated,rule_omitted_r_sequence,1.6033,,,0.43,0,,,,k om,"[['k', 'r'], ['om']]",
kom,ក្រអ៊ុំ,0,rule_generated,rule_omitted_r_sequence,1.5933,,,0.42,0,,,,k om,"[['k', 'r'], ['om']]",
kom,ក្រអ៊ំ,0,rule_generated,rule_omitted_r_sequence,1.5933,,,0.42,0,,,,k om,"[['k', 'r'], ['om']]",
kom,គ្រអ៊ុំ,0,rule_generated,rule_omitted_r_sequence,1.5933,,,0.42,0,,,,k om,"[['k', 'r'], ['om']]",
kom,គ្រអ៊ំ,0,rule_generated,rule_omitted_r_sequence,1.5933,,,0.42,0,,,,k om,"[['k', 'r'], ['om']]",
kom,កង្រអ៊ម,0,rule_generated,rule_omitted_r_sequence,1.485,,,0.395,0,,,,k o m,"[['k', 'r'], ['o', 'm']]",
kom,គង្រអ៊ម,0,rule_generated,rule_omitted_r_sequence,1.485,,,0.395,0,,,,k o m,"[['k', 'r'], ['o', 'm']]",
kom,កម្រអ៊ម,0,rule_generated,rule_omitted_r_sequence,1.485,,,0.395,0,,,,k o m,"[['k', 'r'], ['o', 'm']]",
kom,គម្រអ៊ម,0,rule_generated,rule_omitted_r_sequence,1.485,,,0.395,0,,,,k o m,"[['k', 'r'], ['o', 'm']]",
kom,ករអុំ,0,rule_generated,rule_omitted_r_sequence,1.4783,,,0.305,0,,,,k om,"[['k', 'r'], ['om']]",
kom,ករអំ,0,rule_generated,rule_omitted_r_sequence,1.4783,,,0.305,0,,,,k om,"[['k', 'r'], ['om']]",
kom,គរអុំ,0,rule_generated,rule_omitted_r_sequence,1.4783,,,0.305,0,,,,k om,"[['k', 'r'], ['om']]",
kom,គរអំ,0,rule_generated,rule_omitted_r_sequence,1.4783,,,0.305,0,,,,k om,"[['k', 'r'], ['om']]",
kom,ក្រអ៊ម,0,rule_generated,rule_omitted_r_sequence,1.475,,,0.385,0,,,,k o m,"[['k', 'r'], ['o', 'm']]",
kom,គ្រអ៊ម,0,rule_generated,rule_omitted_r_sequence,1.475,,,0.385,0,,,,k o m,"[['k', 'r'], ['o', 'm']]",
kom,ករអ៊ុំ,0,rule_generated,rule_omitted_r_sequence,1.4683,,,0.295,0,,,,k om,"[['k', 'r'], ['om']]",
kom,ករអ៊ំ,0,rule_generated,rule_omitted_r_sequence,1.4683,,,0.295,0,,,,k om,"[['k', 'r'], ['om']]",
kom,គរអ៊ុំ,0,rule_generated,rule_omitted_r_sequence,1.4683,,,0.295,0,,,,k om,"[['k', 'r'], ['om']]",
kom,គរអ៊ំ,0,rule_generated,rule_omitted_r_sequence,1.4683,,,0.295,0,,,,k om,"[['k', 'r'], ['om']]",
kom,ករអ៊ម,0,rule_generated,rule_omitted_r_sequence,1.35,,,0.26,0,,,,k o m,"[['k', 'r'], ['o', 'm']]",
kom,គរអ៊ម,0,rule_generated,rule_omitted_r_sequence,1.35,,,0.26,0,,,,k o m,"[['k', 'r'], ['o', 'm']]",
kom,គោម,0,rule_generated,rule_cvc,2.733857143,,,0.75,0.8939,0.8571,koum,1,k o m,[],
kom,គំ,1,rule_generated,rule_cv,2.6243,,,0.7,0.751,0.6667,kum,1,k om,[],
kom,គុំ,1,rule_generated,rule_cv,2.552871429,,,0.7,0.6796,0.5714,kuum,1,k om,[],
kom,កំ,1,rule_generated,rule_cv,1.8733,,,0.7,0,,,,k om,[],
kom,កុម,1,rule_generated,rule_cvc,1.84,,,0.75,0,,,,k o m,[],
kom,កូម,1,rule_generated,rule_cvc,1.84,,,0.75,0,,,,k o m,[],
ban,បាន,1,exact_dictionary,dictionary_exact,4.2,,100,,1.1,1,ban,100,,'',
ban,បន,1,exact_dictionary,dictionary_exact,4.002,,1,,1.001,1,ban,1,,'',
ban,បន់,1,exact_dictionary,dictionary_exact,4.002,,1,,1.001,1,ban,1,,'',
ban,ប៉ន់,1,exact_dictionary,dictionary_exact,4.002,,1,,1.001,1,ban,1,,'',
ban,ប៉ាន,1,exact_dictionary,dictionary_exact,4.002,,1,,1.001,1,ban,1,,'',
ban,ប៉ាន់,1,exact_dictionary,dictionary_exact,4.002,,1,,1.001,1,ban,1,,'',
ban,បាង,0,dictionary_completion,dictionary_completion,3.384857143,,1,,0.8939,0.8571,bang,1,,'',
ban,បាំង,0,dictionary_completion,dictionary_completion,3.384857143,,1,,0.8939,0.8571,bang,1,,'',
ban,ប៉ង,0,dictionary_completion,dictionary_completion,3.384857143,,1,,0.8939,0.8571,bang,1,,'',
ban,ប៉័ង,0,dictionary_completion,dictionary_completion,3.384857143,,1,,0.8939,0.8571,bang,1,,'',
ban,ប៉័ងតោ,0,dictionary_completion,dictionary_completion,3.384857143,,1,,0.8939,0.8571,bang,1,,'',
ban,បាញ,0,dictionary_completion,dictionary_completion,3.384857143,,1,,0.8939,0.8571,banh,1,,'',
ban,បាញ់,0,dictionary_completion,dictionary_completion,3.384857143,,1,,0.8939,0.8571,banh,1,,'',
ban,បាណៈ,0,dictionary_completion,dictionary_completion,3.2945,,1,,0.8135,0.75,banak,1,,'',
ban,បណ្ឌា,0,dictionary_completion,dictionary_completion,3.2945,,1,,0.8135,0.75,banda,1,,'',
ban,បន្ស៊ី,0,dictionary_completion,dictionary_completion,3.2945,,1,,0.8135,0.75,bansi,1,,'',
ban,បង្អន,0,rule_generated,rule_domrurt_ng_shortcut,1.81,,,0.72,0,,,,b a n,[],
ban,ប៊ង្អន,0,rule_generated,rule_domrurt_ng_shortcut,1.81,,,0.72,0,,,,b a n,[],
ban,បង្រអណ្ណ,0,rule_generated,rule_omitted_r_sequence,1.62,,,0.53,0,,,,b a n,"[['b', 'r'], ['a', 'n']]",
ban,បង្រអ៊ណ្ណ,0,rule_generated,rule_omitted_r_sequence,1.62,,,0.53,0,,,,b a n,"[['b', 'r'], ['a', 'n']]",
ban,ប៊ង្រអណ្ណ,0,rule_generated,rule_omitted_r_sequence,1.62,,,0.53,0,,,,b a n,"[['b', 'r'], ['a', 'n']]",
ban,ប៊ង្រអ៊ណ្ណ,0,rule_generated,rule_omitted_r_sequence,1.62,,,0.53,0,,,,b a n,"[['b', 'r'], ['a', 'n']]",
ban,បម្រអណ្ណ,0,rule_generated,rule_omitted_r_sequence,1.62,,,0.53,0,,,,b a n,"[['b', 'r'], ['a', 'n']]",
ban,បម្រអ៊ណ្ណ,0,rule_generated,rule_omitted_r_sequence,1.62,,,0.53,0,,,,b a n,"[['b', 'r'], ['a', 'n']]",
ban,ប៊ម្រអណ្ណ,0,rule_generated,rule_omitted_r_sequence,1.62,,,0.53,0,,,,b a n,"[['b', 'r'], ['a', 'n']]",
ban,ប៊ម្រអ៊ណ្ណ,0,rule_generated,rule_omitted_r_sequence,1.62,,,0.53,0,,,,b a n,"[['b', 'r'], ['a', 'n']]",
ban,ប្រអណ្ណ,0,rule_generated,rule_omitted_r_sequence,1.61,,,0.52,0,,,,b a n,"[['b', 'r'], ['a', 'n']]",
ban,ប្រអ៊ណ្ណ,0,rule_generated,rule_omitted_r_sequence,1.61,,,0.52,0,,,,b a n,"[['b', 'r'], ['a', 'n']]",
ban,បរអណ្ណ,0,rule_generated,rule_omitted_r_sequence,1.485,,,0.395,0,,,,b a n,"[['b', 'r'], ['a', 'n']]",
ban,បរអ៊ណ្ណ,0,rule_generated,rule_omitted_r_sequence,1.485,,,0.395,0,,,,b a n,"[['b', 'r'], ['a', 'n']]",
ban,ប៊រអណ្ណ,0,rule_generated,rule_omitted_r_sequence,1.485,,,0.395,0,,,,b a n,"[['b', 'r'], ['a', 'n']]",
ban,ប៊រអ៊ណ្ណ,0,rule_generated,rule_omitted_r_sequence,1.485,,,0.395,0,,,,b a n,"[['b', 'r'], ['a', 'n']]",
ban,បង្រអន,0,rule_generated,rule_omitted_r_sequence,1.485,,,0.395,0,,,,b a n,"[['b', 'r'], ['a', 'n']]",
ban,បង្រអ៊ន,0,rule_generated,rule_omitted_r_sequence,1.485,,,0.395,0,,,,b a n,"[['b', 'r'], ['a', 'n']]",
ban,ប៊ង្រអន,0,rule_generated,rule_omitted_r_sequence,1.485,,,0.395,0,,,,b a n,"[['b', 'r'], ['a', 'n']]",
ban,ប៊ង្រអ៊ន,0,rule_generated,rule_omitted_r_sequence,1.485,,,0.395,0,,,,b a n,"[['b', 'r'], ['a', 'n']]",
ban,បម្រអន,0,rule_generated,rule_omitted_r_sequence,1.485,,,0.395,0,,,,b a n,"[['b', 'r'], ['a', 'n']]",
ban,បម្រអ៊ន,0,rule_generated,rule_omitted_r_sequence,1.485,,,0.395,0,,,,b a n,"[['b', 'r'], ['a', 'n']]",
ban,ប៊ម្រអន,0,rule_generated,rule_omitted_r_sequence,1.485,,,0.395,0,,,,b a n,"[['b', 'r'], ['a', 'n']]",
ban,ប៊ម្រអ៊ន,0,rule_generated,rule_omitted_r_sequence,1.485,,,0.395,0,,,,b a n,"[['b', 'r'], ['a', 'n']]",
ban,ប្រអន,0,rule_generated,rule_omitted_r_sequence,1.475,,,0.385,0,,,,b a n,"[['b', 'r'], ['a', 'n']]",
ban,ប្រអ៊ន,0,rule_generated,rule_omitted_r_sequence,1.475,,,0.385,0,,,,b a n,"[['b', 'r'], ['a', 'n']]",
ban,បរអន,0,rule_generated,rule_omitted_r_sequence,1.35,,,0.26,0,,,,b a n,"[['b', 'r'], ['a', 'n']]",
ban,បរអ៊ន,0,rule_generated,rule_omitted_r_sequence,1.35,,,0.26,0,,,,b a n,"[['b', 'r'], ['a', 'n']]",
ban,ប៊រអន,0,rule_generated,rule_omitted_r_sequence,1.35,,,0.26,0,,,,b a n,"[['b', 'r'], ['a', 'n']]",
ban,ប៊រអ៊ន,0,rule_generated,rule_omitted_r_sequence,1.35,,,0.26,0,,,,b a n,"[['b', 'r'], ['a', 'n']]",
dam,ដម,0,exact_dictionary,dictionary_exact,4.002,,1,,1.001,1.0,dam,1,,'',
dam,ដាម,1,exact_dictionary,dictionary_exact,4.002,,1,,1.001,1.0,dam,1,,'',
dam,ដាំ,1,exact_dictionary,dictionary_exact,4.002,,1,,1.001,1.0,dam,1,,'',
dam,ដំ,0,exact_dictionary,dictionary_exact,4.002,,1,,1.001,1.0,dam,1,,'',
dam,ដំប,0,dictionary_completion,dictionary_completion,3.3848571428571432,,1,,0.8939,0.8571,damb,1,,'',
dam,ដង្អម,0,rule_generated,rule_domrurt_ng_shortcut,1.81,,,0.72,0,,,,d a m,[],
dam,ឌង្អម,0,rule_generated,rule_domrurt_ng_shortcut,1.81,,,0.72,0,,,,d a m,[],
dam,ដង្រអាំ,0,rule_generated,rule_omitted_r_sequence,1.6133,,,0.44,0,,,,d am,"[['d', 'r'], ['am']]",
dam,ឌង្រអាំ,0,rule_generated,rule_omitted_r_sequence,1.6133,,,0.44,0,,,,d am,"[['d', 'r'], ['am']]",
dam,ដម្រអាំ,0,rule_generated,rule_omitted_r_sequence,1.6133,,,0.44,0,,,,d am,"[['d', 'r'], ['am']]",
dam,ឌម្រអាំ,0,rule_generated,rule_omitted_r_sequence,1.6133,,,0.44,0,,,,d am,"[['d', 'r'], ['am']]",
dam,ដ្រអាំ,0,rule_generated,rule_omitted_r_sequence,1.6033,,,0.43,0,,,,d am,"[['d', 'r'], ['am']]",
dam,ឌ្រអាំ,0,rule_generated,rule_omitted_r_sequence,1.6033,,,0.43,0,,,,d am,"[['d', 'r'], ['am']]",
dam,ដង្រអម,0,rule_generated,rule_omitted_r_sequence,1.4849999999999999,,,0.395,0,,,,d a m,"[['d', 'r'], ['a', 'm']]",
dam,ដង្រអ៊ម,0,rule_generated,rule_omitted_r_sequence,1.4849999999999999,,,0.395,0,,,,d a m,"[['d', 'r'], ['a', 'm']]",
dam,ឌង្រអម,0,rule_generated,rule_omitted_r_sequence,1.4849999999999999,,,0.395,0,,,,d a m,"[['d', 'r'], ['a', 'm']]",
dam,ឌង្រអ៊ម,0,rule_generated,rule_omitted_r_sequence,1.4849999999999999,,,0.395,0,,,,d a m,"[['d', 'r'], ['a', 'm']]",
dam,ដម្រអម,0,rule_generated,rule_omitted_r_sequence,1.4849999999999999,,,0.395,0,,,,d a m,"[['d', 'r'], ['a', 'm']]",
dam,ដម្រអ៊ម,0,rule_generated,rule_omitted_r_sequence,1.4849999999999999,,,0.395,0,,,,d a m,"[['d', 'r'], ['a', 'm']]",
dam,ឌម្រអម,0,rule_generated,rule_omitted_r_sequence,1.4849999999999999,,,0.395,0,,,,d a m,"[['d', 'r'], ['a', 'm']]",
dam,ឌម្រអ៊ម,0,rule_generated,rule_omitted_r_sequence,1.4849999999999999,,,0.395,0,,,,d a m,"[['d', 'r'], ['a', 'm']]",
dam,ដរអាំ,0,rule_generated,rule_omitted_r_sequence,1.4783,,,0.305,0,,,,d am,"[['d', 'r'], ['am']]",
dam,ឌរអាំ,0,rule_generated,rule_omitted_r_sequence,1.4783,,,0.305,0,,,,d am,"[['d', 'r'], ['am']]",
dam,ដ្រអម,0,rule_generated,rule_omitted_r_sequence,1.475,,,0.385,0,,,,d a m,"[['d', 'r'], ['a', 'm']]",
dam,ដ្រអ៊ម,0,rule_generated,rule_omitted_r_sequence,1.475,,,0.385,0,,,,d a m,"[['d', 'r'], ['a', 'm']]",
dam,ឌ្រអម,0,rule_generated,rule_omitted_r_sequence,1.475,,,0.385,0,,,,d a m,"[['d', 'r'], ['a', 'm']]",
dam,ឌ្រអ៊ម,0,rule_generated,rule_omitted_r_sequence,1.475,,,0.385,0,,,,d a m,"[['d', 'r'], ['a', 'm']]",
dam,ដរអម,0,rule_generated,rule_omitted_r_sequence,1.35,,,0.26,0,,,,d a m,"[['d', 'r'], ['a', 'm']]",
dam,ដរអ៊ម,0,rule_generated,rule_omitted_r_sequence,1.35,,,0.26,0,,,,d a m,"[['d', 'r'], ['a', 'm']]",
dam,ឌរអម,0,rule_generated,rule_omitted_r_sequence,1.35,,,0.26,0,,,,d a m,"[['d', 'r'], ['a', 'm']]",
dam,ឌរអ៊ម,0,rule_generated,rule_omitted_r_sequence,1.35,,,0.26,0,,,,d a m,"[['d', 'r'], ['a', 'm']]",
brab,ប្រាប់,1,exact_dictionary,dictionary_exact,4.004,,2,,1.002,1.0,brab,2,,'',
brab,ប្រាប,2,exact_dictionary,dictionary_exact,4.002,,1,,1.001,1.0,brab,1,,'',
brab,ប្របេះ,0,dictionary_completion,dictionary_completion,3.332,,1,,0.851,0.8,brabeh,1,,'',
brab,ប្របេរ,0,dictionary_completion,dictionary_completion,3.332,,1,,0.851,0.8,braber,1,,'',
brab,បម្រាប,0,rule_generated,rule_domrurt_shortcut,2.6064545454545454,,,0.72,0.7965,0.7273,bamreab,1,b r a b,[],
brab,បង្រាប,0,rule_generated,rule_domrurt_ng_shortcut,1.81,,,0.72,0,,,,b r a b,[],
brab,ប៊ង្រាប,0,rule_generated,rule_domrurt_ng_shortcut,1.81,,,0.72,0,,,,b r a b,[],
brab,ប៊ម្រាប,0,rule_generated,rule_domrurt_shortcut,1.81,,,0.72,0,,,,b r a b,[],
brab,បង្រអម្ប,0,dictionary_compound,dictionary_compound,1.98,,0,,0,,,,,"[{'romanized': 'br', 'khmer': 'បង្រ', 'source': 'rule_domrurt_ng_shortcut'}, {'romanized': 'ab', 'khmer': 'អម្ប', 'source': 'rule_domrurt_shortcut'}]",
brab,បង្រអ៊ម្ប,0,dictionary_compound,dictionary_compound,1.98,,0,,0,,,,,"[{'romanized': 'br', 'khmer': 'បង្រ', 'source': 'rule_domrurt_ng_shortcut'}, {'romanized': 'ab', 'khmer': 'អ៊ម្ប', 'source': 'rule_domrurt_shortcut'}]",
brab,ប៊ង្រអម្ប,0,dictionary_compound,dictionary_compound,1.98,,0,,0,,,,,"[{'romanized': 'br', 'khmer': 'ប៊ង្រ', 'source': 'rule_domrurt_ng_shortcut'}, {'romanized': 'ab', 'khmer': 'អម្ប', 'source': 'rule_domrurt_shortcut'}]",
brab,ប៊ង្រអ៊ម្ប,0,dictionary_compound,dictionary_compound,1.98,,0,,0,,,,,"[{'romanized': 'br', 'khmer': 'ប៊ង្រ', 'source': 'rule_domrurt_ng_shortcut'}, {'romanized': 'ab', 'khmer': 'អ៊ម្ប', 'source': 'rule_domrurt_shortcut'}]",
brab,បម្រអម្ប,0,dictionary_compound,dictionary_compound,1.98,,0,,0,,,,,"[{'romanized': 'br', 'khmer': 'បម្រ', 'source': 'rule_domrurt_shortcut'}, {'romanized': 'ab', 'khmer': 'អម្ប', 'source': 'rule_domrurt_shortcut'}]",
brab,បម្រអ៊ម្ប,0,dictionary_compound,dictionary_compound,1.98,,0,,0,,,,,"[{'romanized': 'br', 'khmer': 'បម្រ', 'source': 'rule_domrurt_shortcut'}, {'romanized': 'ab', 'khmer': 'អ៊ម្ប', 'source': 'rule_domrurt_shortcut'}]",
brab,ប៊ម្រអម្ប,0,dictionary_compound,dictionary_compound,1.98,,0,,0,,,,,"[{'romanized': 'br', 'khmer': 'ប៊ម្រ', 'source': 'rule_domrurt_shortcut'}, {'romanized': 'ab', 'khmer': 'អម្ប', 'source': 'rule_domrurt_shortcut'}]",
brab,ប៊ម្រអ៊ម្ប,0,dictionary_compound,dictionary_compound,1.98,,0,,0,,,,,"[{'romanized': 'br', 'khmer': 'ប៊ម្រ', 'source': 'rule_domrurt_shortcut'}, {'romanized': 'ab', 'khmer': 'អ៊ម្ប', 'source': 'rule_domrurt_shortcut'}]",
brab,ប្រអម្ប,0,rule_generated,rule_sequence,1.65,,,0.56,0,,,,b r a b,"[['b', 'r'], ['a', 'b']]",
brab,ប្រអ៊ម្ប,0,rule_generated,rule_sequence,1.65,,,0.56,0,,,,b r a b,"[['b', 'r'], ['a', 'b']]",
brab,បរអម្ប,0,rule_generated,rule_sequence,1.525,,,0.435,0,,,,b r a b,"[['b', 'r'], ['a', 'b']]",
brab,បរអ៊ម្ប,0,rule_generated,rule_sequence,1.525,,,0.435,0,,,,b r a b,"[['b', 'r'], ['a', 'b']]",
brab,ប៊រអម្ប,0,rule_generated,rule_sequence,1.525,,,0.435,0,,,,b r a b,"[['b', 'r'], ['a', 'b']]",
brab,ប៊រអ៊ម្ប,0,rule_generated,rule_sequence,1.525,,,0.435,0,,,,b r a b,"[['b', 'r'], ['a', 'b']]",
brab,បង្រអប,0,rule_generated,rule_sequence,1.525,,,0.435,0,,,,b r a b,"[['b', 'r'], ['a', 'b']]",
brab,បង្រអ៊ប,0,rule_generated,rule_sequence,1.525,,,0.435,0,,,,b r a b,"[['b', 'r'], ['a', 'b']]",
brab,ប៊ង្រអប,0,rule_generated,rule_sequence,1.525,,,0.435,0,,,,b r a b,"[['b', 'r'], ['a', 'b']]",
brab,ប៊ង្រអ៊ប,0,rule_generated,rule_sequence,1.525,,,0.435,0,,,,b r a b,"[['b', 'r'], ['a', 'b']]",
brab,បម្រអប,0,rule_generated,rule_sequence,1.525,,,0.435,0,,,,b r a b,"[['b', 'r'], ['a', 'b']]",
brab,បម្រអ៊ប,0,rule_generated,rule_sequence,1.525,,,0.435,0,,,,b r a b,"[['b', 'r'], ['a', 'b']]",
brab,ប៊ម្រអប,0,rule_generated,rule_sequence,1.525,,,0.435,0,,,,b r a b,"[['b', 'r'], ['a', 'b']]",
brab,ប៊ម្រអ៊ប,0,rule_generated,rule_sequence,1.525,,,0.435,0,,,,b r a b,"[['b', 'r'], ['a', 'b']]",
brab,ប្រអប,0,rule_generated,rule_sequence,1.5150000000000001,,,0.425,0,,,,b r a b,"[['b', 'r'], ['a', 'b']]",
brab,ប្រអ៊ប,0,rule_generated,rule_sequence,1.5150000000000001,,,0.425,0,,,,b r a b,"[['b', 'r'], ['a', 'b']]",
brab,បរអប,0,rule_generated,rule_sequence,1.3900000000000001,,,0.3,0,,,,b r a b,"[['b', 'r'], ['a', 'b']]",
brab,បរអ៊ប,0,rule_generated,rule_sequence,1.3900000000000001,,,0.3,0,,,,b r a b,"[['b', 'r'], ['a', 'b']]",
brab,ប៊រអប,0,rule_generated,rule_sequence,1.3900000000000001,,,0.3,0,,,,b r a b,"[['b', 'r'], ['a', 'b']]",
brab,ប៊រអ៊ប,0,rule_generated,rule_sequence,1.3900000000000001,,,0.3,0,,,,b r a b,"[['b', 'r'], ['a', 'b']]",
chi,ជី,0,exact_dictionary,dictionary_exact,4.002,,1,,1.001,1.0,chi,1,,'',
chi,ជិត,0,dictionary_completion,dictionary_completion,3.386857142857143,,2,,0.8949,0.8571,chit,2,,'',
chi,ជិប,0,dictionary_completion,dictionary_completion,3.3848571428571432,,1,,0.8939,0.8571,chib,1,,'',
chi,ជីប,0,dictionary_completion,dictionary_completion,3.3848571428571432,,1,,0.8939,0.8571,chib,1,,'',
chi,ជីក,0,dictionary_completion,dictionary_completion,3.3848571428571432,,1,,0.8939,0.8571,chik,1,,'',
chi,ជិន,0,dictionary_completion,dictionary_completion,3.3848571428571432,,1,,0.8939,0.8571,chin,1,,'',
chi,ជីព,0,dictionary_completion,dictionary_completion,3.3848571428571432,,1,,0.8939,0.8571,chip,1,,'',
chi,ជីរ,0,dictionary_completion,dictionary_completion,3.3848571428571432,,1,,0.8939,0.8571,chir,1,,'',
chi,ឈឺ,1,dictionary_completion,dictionary_completion,3.3848571428571432,,1,,0.8939,0.8571,chir,1,,'',
chi,ជីវ៍,0,dictionary_completion,dictionary_completion,3.3848571428571432,,1,,0.8939,0.8571,chiv,1,,'',
chi,ជៀប,0,dictionary_completion,dictionary_completion,3.2944999999999998,,1,,0.8135,0.75,chieb,1,,'',
chi,ចៀម,0,dictionary_completion,dictionary_completion,3.2944999999999998,,1,,0.8135,0.75,chiem,1,,'',
chi,ចៀន,0,dictionary_completion,dictionary_completion,3.2944999999999998,,1,,0.8135,0.75,chien,1,,'',
chi,ជៀន,0,dictionary_completion,dictionary_completion,3.2944999999999998,,1,,0.8135,0.75,chien,1,,'',
chi,ចៀរ,0,dictionary_completion,dictionary_completion,3.2944999999999998,,1,,0.8135,0.75,chier,1,,'',
chi,ជៀស,0,dictionary_completion,dictionary_completion,3.2944999999999998,,1,,0.8135,0.75,chies,1,,'',
chi,ជៀត,0,dictionary_completion,dictionary_completion,3.2944999999999998,,1,,0.8135,0.75,chiet,1,,'',
chi,ជៀវ,0,dictionary_completion,dictionary_completion,3.2944999999999998,,1,,0.8135,0.75,chiev,1,,'',
chi,ជិណ្ណ,0,dictionary_completion,dictionary_completion,3.2944999999999998,,1,,0.8135,0.75,chinn,1,,'',
chi,ជីប៉ា,0,dictionary_completion,dictionary_completion,3.2944999999999998,,1,,0.8135,0.75,chipa,1,,'',
chi,ជីតា,0,dictionary_completion,dictionary_completion,3.2944999999999998,,1,,0.8135,0.75,chita,1,,'',
chi,ជីវ៉ា,0,dictionary_completion,dictionary_completion,3.2944999999999998,,1,,0.8135,0.75,chiva,1,,'',
chi,ជីវី,0,dictionary_completion,dictionary_completion,3.2944999999999998,,1,,0.8135,0.75,chivi,1,,'',
chi,ចង្រអ៊ិ,0,rule_generated,rule_omitted_r_sequence,1.5232999999999999,,,0.43,0,,,,ch i,"[['ch', 'r'], ['i']]",
chi,ចង្រអ៊ី,0,rule_generated,rule_omitted_r_sequence,1.5232999999999999,,,0.43,0,,,,ch i,"[['ch', 'r'], ['i']]",
chi,ឆង្រអ៊ិ,0,rule_generated,rule_omitted_r_sequence,1.5232999999999999,,,0.43,0,,,,ch i,"[['ch', 'r'], ['i']]",
chi,ឆង្រអ៊ី,0,rule_generated,rule_omitted_r_sequence,1.5232999999999999,,,0.43,0,,,,ch i,"[['ch', 'r'], ['i']]",
chi,ជង្រអ៊ិ,0,rule_generated,rule_omitted_r_sequence,1.5232999999999999,,,0.43,0,,,,ch i,"[['ch', 'r'], ['i']]",
chi,ជង្រអ៊ី,0,rule_generated,rule_omitted_r_sequence,1.5232999999999999,,,0.43,0,,,,ch i,"[['ch', 'r'], ['i']]",
chi,ឈង្រអ៊ិ,0,rule_generated,rule_omitted_r_sequence,1.5232999999999999,,,0.43,0,,,,ch i,"[['ch', 'r'], ['i']]",
chi,ឈង្រអ៊ី,0,rule_generated,rule_omitted_r_sequence,1.5232999999999999,,,0.43,0,,,,ch i,"[['ch', 'r'], ['i']]",
chi,ចម្រអ៊ិ,0,rule_generated,rule_omitted_r_sequence,1.5232999999999999,,,0.43,0,,,,ch i,"[['ch', 'r'], ['i']]",
chi,ចម្រអ៊ី,0,rule_generated,rule_omitted_r_sequence,1.5232999999999999,,,0.43,0,,,,ch i,"[['ch', 'r'], ['i']]",
chi,ឆម្រអ៊ិ,0,rule_generated,rule_omitted_r_sequence,1.5232999999999999,,,0.43,0,,,,ch i,"[['ch', 'r'], ['i']]",
chi,ឆម្រអ៊ី,0,rule_generated,rule_omitted_r_sequence,1.5232999999999999,,,0.43,0,,,,ch i,"[['ch', 'r'], ['i']]",
chi,ជម្រអ៊ិ,0,rule_generated,rule_omitted_r_sequence,1.5232999999999999,,,0.43,0,,,,ch i,"[['ch', 'r'], ['i']]",
chi,ជម្រអ៊ី,0,rule_generated,rule_omitted_r_sequence,1.5232999999999999,,,0.43,0,,,,ch i,"[['ch', 'r'], ['i']]",
chi,ឈម្រអ៊ិ,0,rule_generated,rule_omitted_r_sequence,1.5232999999999999,,,0.43,0,,,,ch i,"[['ch', 'r'], ['i']]",
chi,ឈម្រអ៊ី,0,rule_generated,rule_omitted_r_sequence,1.5232999999999999,,,0.43,0,,,,ch i,"[['ch', 'r'], ['i']]",
chi,ច្រអ៊ិ,0,rule_generated,rule_omitted_r_sequence,1.5133,,,0.42,0,,,,ch i,"[['ch', 'r'], ['i']]",
chi,ច្រអ៊ី,0,rule_generated,rule_omitted_r_sequence,1.5133,,,0.42,0,,,,ch i,"[['ch', 'r'], ['i']]",
chi,ជ្រអ៊ិ,0,rule_generated,rule_omitted_r_sequence,1.5133,,,0.42,0,,,,ch i,"[['ch', 'r'], ['i']]",
chi,ជ្រអ៊ី,0,rule_generated,rule_omitted_r_sequence,1.5133,,,0.42,0,,,,ch i,"[['ch', 'r'], ['i']]",
chi,ចរអ៊ិ,0,rule_generated,rule_omitted_r_sequence,1.3883,,,0.295,0,,,,ch i,"[['ch', 'r'], ['i']]",
chi,ចរអ៊ី,0,rule_generated,rule_omitted_r_sequence,1.3883,,,0.295,0,,,,ch i,"[['ch', 'r'], ['i']]",
chi,ឆរអ៊ិ,0,rule_generated,rule_omitted_r_sequence,1.3883,,,0.295,0,,,,ch i,"[['ch', 'r'], ['i']]",
chi,ឆរអ៊ី,0,rule_generated,rule_omitted_r_sequence,1.3883,,,0.295,0,,,,ch i,"[['ch', 'r'], ['i']]",
chi,ជរអ៊ិ,0,rule_generated,rule_omitted_r_sequence,1.3883,,,0.295,0,,,,ch i,"[['ch', 'r'], ['i']]",
chi,ជរអ៊ី,0,rule_generated,rule_omitted_r_sequence,1.3883,,,0.295,0,,,,ch i,"[['ch', 'r'], ['i']]",
chi,ឈរអ៊ិ,0,rule_generated,rule_omitted_r_sequence,1.3883,,,0.295,0,,,,ch i,"[['ch', 'r'], ['i']]",
chi,ឈរអ៊ី,0,rule_generated,rule_omitted_r_sequence,1.3883,,,0.295,0,,,,ch i,"[['ch', 'r'], ['i']]",
chi,ចឹ,0,rule_generated,rule_cv,1.7933,,,0.7,0,,,,ch i,[],
chi,ឆឹ,0,rule_generated,rule_cv,1.7933,,,0.7,0,,,,ch i,[],
chi,ជិ,0,rule_generated,rule_cv,1.7933,,,0.7,0,,,,ch i,[],
chi,ឈិ,2,rule_generated,rule_cv,1.7933,,,0.7,0,,,,ch i,[],
chi,ឈី,3,rule_generated,rule_cv,1.7933,,,0.7,0,,,,ch i,[],
jea,ជា,1,exact_dictionary,dictionary_exact,4.19,,95,,1.095,1.0,jea,95,,'',
jea,ចៀស,0,dictionary_completion,dictionary_completion,3.3848571428571432,,1,,0.8939,0.8571,jeas,1,,'',
jea,ជះ,0,dictionary_completion,dictionary_completion,3.3848571428571432,,1,,0.8939,0.8571,jeas,1,,'',
jea,ជាតិ,0,dictionary_completion,dictionary_completion,3.3848571428571432,,1,,0.8939,0.8571,jeat,1,,'',
jea,ជាង,0,dictionary_completion,dictionary_completion,3.2965,,2,,0.8145,0.75,jeang,2,,'',
jea,ចង្រអ៊ង្អ,0,rule_generated,rule_omitted_r_sequence,1.62,,,0.53,0,,,,j e a,"[['j', 'r'], ['e', 'a']]",
jea,ជង្រអ៊ង្អ,0,rule_generated,rule_omitted_r_sequence,1.62,,,0.53,0,,,,j e a,"[['j', 'r'], ['e', 'a']]",
jea,ចម្រអ៊ង្អ,0,rule_generated,rule_omitted_r_sequence,1.62,,,0.53,0,,,,j e a,"[['j', 'r'], ['e', 'a']]",
jea,ជម្រអ៊ង្អ,0,rule_generated,rule_omitted_r_sequence,1.62,,,0.53,0,,,,j e a,"[['j', 'r'], ['e', 'a']]",
jea,ច្រអ៊ង្អ,0,rule_generated,rule_omitted_r_sequence,1.6099999999999999,,,0.52,0,,,,j e a,"[['j', 'r'], ['e', 'a']]",
jea,ជ្រអ៊ង្អ,0,rule_generated,rule_omitted_r_sequence,1.6099999999999999,,,0.52,0,,,,j e a,"[['j', 'r'], ['e', 'a']]",
jea,ចង្រអៀ,0,rule_generated,rule_omitted_r_sequence,1.5333,,,0.44,0,,,,j ea,"[['j', 'r'], ['ea']]",
jea,ជង្រអៀ,0,rule_generated,rule_omitted_r_sequence,1.5333,,,0.44,0,,,,j ea,"[['j', 'r'], ['ea']]",
jea,ចម្រអៀ,0,rule_generated,rule_omitted_r_sequence,1.5333,,,0.44,0,,,,j ea,"[['j', 'r'], ['ea']]",
jea,ជម្រអៀ,0,rule_generated,rule_omitted_r_sequence,1.5333,,,0.44,0,,,,j ea,"[['j', 'r'], ['ea']]",
jea,ច្រអៀ,0,rule_generated,rule_omitted_r_sequence,1.5232999999999999,,,0.43,0,,,,j ea,"[['j', 'r'], ['ea']]",
jea,ជ្រអៀ,0,rule_generated,rule_omitted_r_sequence,1.5232999999999999,,,0.43,0,,,,j ea,"[['j', 'r'], ['ea']]",
jea,ចង្រអ៊ា,0,rule_generated,rule_omitted_r_sequence,1.5232999999999999,,,0.43,0,,,,j ea,"[['j', 'r'], ['ea']]",
jea,ចង្រអ៊ៀ,0,rule_generated,rule_omitted_r_sequence,1.5232999999999999,,,0.43,0,,,,j ea,"[['j', 'r'], ['ea']]",
jea,ចង្រអ៊ែ,0,rule_generated,rule_omitted_r_sequence,1.5232999999999999,,,0.43,0,,,,j ea,"[['j', 'r'], ['ea']]",
jea,ជង្រអ៊ា,0,rule_generated,rule_omitted_r_sequence,1.5232999999999999,,,0.43,0,,,,j ea,"[['j', 'r'], ['ea']]",
jea,ជង្រអ៊ៀ,0,rule_generated,rule_omitted_r_sequence,1.5232999999999999,,,0.43,0,,,,j ea,"[['j', 'r'], ['ea']]",
jea,ជង្រអ៊ែ,0,rule_generated,rule_omitted_r_sequence,1.5232999999999999,,,0.43,0,,,,j ea,"[['j', 'r'], ['ea']]",
jea,ចម្រអ៊ា,0,rule_generated,rule_omitted_r_sequence,1.5232999999999999,,,0.43,0,,,,j ea,"[['j', 'r'], ['ea']]",
jea,ចម្រអ៊ៀ,0,rule_generated,rule_omitted_r_sequence,1.5232999999999999,,,0.43,0,,,,j ea,"[['j', 'r'], ['ea']]",
jea,ចម្រអ៊ែ,0,rule_generated,rule_omitted_r_sequence,1.5232999999999999,,,0.43,0,,,,j ea,"[['j', 'r'], ['ea']]",
jea,ជម្រអ៊ា,0,rule_generated,rule_omitted_r_sequence,1.5232999999999999,,,0.43,0,,,,j ea,"[['j', 'r'], ['ea']]",
jea,ជម្រអ៊ៀ,0,rule_generated,rule_omitted_r_sequence,1.5232999999999999,,,0.43,0,,,,j ea,"[['j', 'r'], ['ea']]",
jea,ជម្រអ៊ែ,0,rule_generated,rule_omitted_r_sequence,1.5232999999999999,,,0.43,0,,,,j ea,"[['j', 'r'], ['ea']]",
jea,ច្រអ៊ា,0,rule_generated,rule_omitted_r_sequence,1.5133,,,0.42,0,,,,j ea,"[['j', 'r'], ['ea']]",
jea,ច្រអ៊ៀ,0,rule_generated,rule_omitted_r_sequence,1.5133,,,0.42,0,,,,j ea,"[['j', 'r'], ['ea']]",
jea,ច្រអ៊ែ,0,rule_generated,rule_omitted_r_sequence,1.5133,,,0.42,0,,,,j ea,"[['j', 'r'], ['ea']]",
jea,ជ្រអ៊ា,0,rule_generated,rule_omitted_r_sequence,1.5133,,,0.42,0,,,,j ea,"[['j', 'r'], ['ea']]",
jea,ជ្រអ៊ៀ,0,rule_generated,rule_omitted_r_sequence,1.5133,,,0.42,0,,,,j ea,"[['j', 'r'], ['ea']]",
jea,ជ្រអ៊ែ,0,rule_generated,rule_omitted_r_sequence,1.5133,,,0.42,0,,,,j ea,"[['j', 'r'], ['ea']]",
jea,ចរអ៊ង្អ,0,rule_generated,rule_omitted_r_sequence,1.4849999999999999,,,0.395,0,,,,j e a,"[['j', 'r'], ['e', 'a']]",
jea,ជរអ៊ង្អ,0,rule_generated,rule_omitted_r_sequence,1.4849999999999999,,,0.395,0,,,,j e a,"[['j', 'r'], ['e', 'a']]",
jea,ចង្រអិអ,0,rule_generated,rule_omitted_r_sequence,1.43,,,0.34,0,,,,j e a,"[['j', 'r'], ['e'], ['a']]",
jea,ចង្រអិអា,0,rule_generated,rule_omitted_r_sequence,1.43,,,0.34,0,,,,j e a,"[['j', 'r'], ['e'], ['a']]",
jea,ចង្រអេអ,0,rule_generated,rule_omitted_r_sequence,1.43,,,0.34,0,,,,j e a,"[['j', 'r'], ['e'], ['a']]",
jea,ចង្រអេអា,0,rule_generated,rule_omitted_r_sequence,1.43,,,0.34,0,,,,j e a,"[['j', 'r'], ['e'], ['a']]",
jea,ជង្រអិអ,0,rule_generated,rule_omitted_r_sequence,1.43,,,0.34,0,,,,j e a,"[['j', 'r'], ['e'], ['a']]",
jea,ជង្រអិអា,0,rule_generated,rule_omitted_r_sequence,1.43,,,0.34,0,,,,j e a,"[['j', 'r'], ['e'], ['a']]",
jea,ជង្រអេអ,0,rule_generated,rule_omitted_r_sequence,1.43,,,0.34,0,,,,j e a,"[['j', 'r'], ['e'], ['a']]",
jea,ជង្រអេអា,0,rule_generated,rule_omitted_r_sequence,1.43,,,0.34,0,,,,j e a,"[['j', 'r'], ['e'], ['a']]",
jea,ចម្រអិអ,0,rule_generated,rule_omitted_r_sequence,1.43,,,0.34,0,,,,j e a,"[['j', 'r'], ['e'], ['a']]",
jea,ចម្រអិអា,0,rule_generated,rule_omitted_r_sequence,1.43,,,0.34,0,,,,j e a,"[['j', 'r'], ['e'], ['a']]",
jea,ចម្រអេអ,0,rule_generated,rule_omitted_r_sequence,1.43,,,0.34,0,,,,j e a,"[['j', 'r'], ['e'], ['a']]",
jea,ចម្រអេអា,0,rule_generated,rule_omitted_r_sequence,1.43,,,0.34,0,,,,j e a,"[['j', 'r'], ['e'], ['a']]",
jea,ជម្រអិអ,0,rule_generated,rule_omitted_r_sequence,1.43,,,0.34,0,,,,j e a,"[['j', 'r'], ['e'], ['a']]",
jea,ជម្រអិអា,0,rule_generated,rule_omitted_r_sequence,1.43,,,0.34,0,,,,j e a,"[['j', 'r'], ['e'], ['a']]",
jea,ជម្រអេអ,0,rule_generated,rule_omitted_r_sequence,1.43,,,0.34,0,,,,j e a,"[['j', 'r'], ['e'], ['a']]",
jea,ជម្រអេអា,0,rule_generated,rule_omitted_r_sequence,1.43,,,0.34,0,,,,j e a,"[['j', 'r'], ['e'], ['a']]",
jea,ច្រអិអ,0,rule_generated,rule_omitted_r_sequence,1.4233,,,0.3333,0,,,,j e a,"[['j', 'r'], ['e'], ['a']]",
jea,ច្រអិអា,0,rule_generated,rule_omitted_r_sequence,1.4233,,,0.3333,0,,,,j e a,"[['j', 'r'], ['e'], ['a']]",
jea,ច្រអេអ,0,rule_generated,rule_omitted_r_sequence,1.4233,,,0.3333,0,,,,j e a,"[['j', 'r'], ['e'], ['a']]",
jea,ច្រអេអា,0,rule_generated,rule_omitted_r_sequence,1.4233,,,0.3333,0,,,,j e a,"[['j', 'r'], ['e'], ['a']]",
jea,ជ្រអិអ,0,rule_generated,rule_omitted_r_sequence,1.4233,,,0.3333,0,,,,j e a,"[['j', 'r'], ['e'], ['a']]",
jea,ជ្រអិអា,0,rule_generated,rule_omitted_r_sequence,1.4233,,,0.3333,0,,,,j e a,"[['j', 'r'], ['e'], ['a']]",
jea,ជ្រអេអ,0,rule_generated,rule_omitted_r_sequence,1.4233,,,0.3333,0,,,,j e a,"[['j', 'r'], ['e'], ['a']]",
jea,ជ្រអេអា,0,rule_generated,rule_omitted_r_sequence,1.4233,,,0.3333,0,,,,j e a,"[['j', 'r'], ['e'], ['a']]",
jea,ចង្រអ៊ិអ,0,rule_generated,rule_omitted_r_sequence,1.4233,,,0.3333,0,,,,j e a,"[['j', 'r'], ['e'], ['a']]",
jea,ចង្រអ៊ិអា,0,rule_generated,rule_omitted_r_sequence,1.4233,,,0.3333,0,,,,j e a,"[['j', 'r'], ['e'], ['a']]",
jea,ចង្រអ៊េអ,0,rule_generated,rule_omitted_r_sequence,1.4233,,,0.3333,0,,,,j e a,"[['j', 'r'], ['e'], ['a']]",
jea,ចង្រអ៊េអា,0,rule_generated,rule_omitted_r_sequence,1.4233,,,0.3333,0,,,,j e a,"[['j', 'r'], ['e'], ['a']]",
jea,ជង្រអ៊ិអ,0,rule_generated,rule_omitted_r_sequence,1.4233,,,0.3333,0,,,,j e a,"[['j', 'r'], ['e'], ['a']]",
jea,ជង្រអ៊ិអា,0,rule_generated,rule_omitted_r_sequence,1.4233,,,0.3333,0,,,,j e a,"[['j', 'r'], ['e'], ['a']]",
jea,ជង្រអ៊េអ,0,rule_generated,rule_omitted_r_sequence,1.4233,,,0.3333,0,,,,j e a,"[['j', 'r'], ['e'], ['a']]",
jea,ជង្រអ៊េអា,0,rule_generated,rule_omitted_r_sequence,1.4233,,,0.3333,0,,,,j e a,"[['j', 'r'], ['e'], ['a']]",
jea,ចម្រអ៊ិអ,0,rule_generated,rule_omitted_r_sequence,1.4233,,,0.3333,0,,,,j e a,"[['j', 'r'], ['e'], ['a']]",
jea,ចម្រអ៊ិអា,0,rule_generated,rule_omitted_r_sequence,1.4233,,,0.3333,0,,,,j e a,"[['j', 'r'], ['e'], ['a']]",
jea,ចម្រអ៊េអ,0,rule_generated,rule_omitted_r_sequence,1.4233,,,0.3333,0,,,,j e a,"[['j', 'r'], ['e'], ['a']]",
jea,ចម្រអ៊េអា,0,rule_generated,rule_omitted_r_sequence,1.4233,,,0.3333,0,,,,j e a,"[['j', 'r'], ['e'], ['a']]",
jea,ជម្រអ៊ិអ,0,rule_generated,rule_omitted_r_sequence,1.4233,,,0.3333,0,,,,j e a,"[['j', 'r'], ['e'], ['a']]",
jea,ជម្រអ៊ិអា,0,rule_generated,rule_omitted_r_sequence,1.4233,,,0.3333,0,,,,j e a,"[['j', 'r'], ['e'], ['a']]",
jea,ជម្រអ៊េអ,0,rule_generated,rule_omitted_r_sequence,1.4233,,,0.3333,0,,,,j e a,"[['j', 'r'], ['e'], ['a']]",
jea,ជម្រអ៊េអា,0,rule_generated,rule_omitted_r_sequence,1.4233,,,0.3333,0,,,,j e a,"[['j', 'r'], ['e'], ['a']]",
jea,ច្រអ៊ិអ,0,rule_generated,rule_omitted_r_sequence,1.4167,,,0.3267,0,,,,j e a,"[['j', 'r'], ['e'], ['a']]",
jea,ច្រអ៊ិអា,0,rule_generated,rule_omitted_r_sequence,1.4167,,,0.3267,0,,,,j e a,"[['j', 'r'], ['e'], ['a']]",
jea,ច្រអ៊េអ,0,rule_generated,rule_omitted_r_sequence,1.4167,,,0.3267,0,,,,j e a,"[['j', 'r'], ['e'], ['a']]",
jea,ច្រអ៊េអា,0,rule_generated,rule_omitted_r_sequence,1.4167,,,0.3267,0,,,,j e a,"[['j', 'r'], ['e'], ['a']]",
jea,ជ្រអ៊ិអ,0,rule_generated,rule_omitted_r_sequence,1.4167,,,0.3267,0,,,,j e a,"[['j', 'r'], ['e'], ['a']]",
jea,ជ្រអ៊ិអា,0,rule_generated,rule_omitted_r_sequence,1.4167,,,0.3267,0,,,,j e a,"[['j', 'r'], ['e'], ['a']]",
jea,ជ្រអ៊េអ,0,rule_generated,rule_omitted_r_sequence,1.4167,,,0.3267,0,,,,j e a,"[['j', 'r'], ['e'], ['a']]",
jea,ជ្រអ៊េអា,0,rule_generated,rule_omitted_r_sequence,1.4167,,,0.3267,0,,,,j e a,"[['j', 'r'], ['e'], ['a']]",
jea,ចរអៀ,0,rule_generated,rule_omitted_r_sequence,1.3982999999999999,,,0.305,0,,,,j ea,"[['j', 'r'], ['ea']]",
jea,ជរអៀ,0,rule_generated,rule_omitted_r_sequence,1.3982999999999999,,,0.305,0,,,,j ea,"[['j', 'r'], ['ea']]",
jea,ចរអ៊ា,0,rule_generated,rule_omitted_r_sequence,1.3883,,,0.295,0,,,,j ea,"[['j', 'r'], ['ea']]",
jea,ចរអ៊ៀ,0,rule_generated,rule_omitted_r_sequence,1.3883,,,0.295,0,,,,j ea,"[['j', 'r'], ['ea']]",
jea,ចរអ៊ែ,0,rule_generated,rule_omitted_r_sequence,1.3883,,,0.295,0,,,,j ea,"[['j', 'r'], ['ea']]",
jea,ជរអ៊ា,0,rule_generated,rule_omitted_r_sequence,1.3883,,,0.295,0,,,,j ea,"[['j', 'r'], ['ea']]",
jea,ជរអ៊ៀ,0,rule_generated,rule_omitted_r_sequence,1.3883,,,0.295,0,,,,j ea,"[['j', 'r'], ['ea']]",
jea,ជរអ៊ែ,0,rule_generated,rule_omitted_r_sequence,1.3883,,,0.295,0,,,,j ea,"[['j', 'r'], ['ea']]",
jea,ចរអិអ,0,rule_generated,rule_omitted_r_sequence,1.34,,,0.25,0,,,,j e a,"[['j', 'r'], ['e'], ['a']]",
jea,ចរអិអា,0,rule_generated,rule_omitted_r_sequence,1.34,,,0.25,0,,,,j e a,"[['j', 'r'], ['e'], ['a']]",
jea,ចរអេអ,0,rule_generated,rule_omitted_r_sequence,1.34,,,0.25,0,,,,j e a,"[['j', 'r'], ['e'], ['a']]",
jea,ចរអេអា,0,rule_generated,rule_omitted_r_sequence,1.34,,,0.25,0,,,,j e a,"[['j', 'r'], ['e'], ['a']]",
jea,ជរអិអ,0,rule_generated,rule_omitted_r_sequence,1.34,,,0.25,0,,,,j e a,"[['j', 'r'], ['e'], ['a']]",
jea,ជរអិអា,0,rule_generated,rule_omitted_r_sequence,1.34,,,0.25,0,,,,j e a,"[['j', 'r'], ['e'], ['a']]",
jea,ជរអេអ,0,rule_generated,rule_omitted_r_sequence,1.34,,,0.25,0,,,,j e a,"[['j', 'r'], ['e'], ['a']]",
jea,ជរអេអា,0,rule_generated,rule_omitted_r_sequence,1.34,,,0.25,0,,,,j e a,"[['j', 'r'], ['e'], ['a']]",
jea,ចរអ៊ិអ,0,rule_generated,rule_omitted_r_sequence,1.3333,,,0.2433,0,,,,j e a,"[['j', 'r'], ['e'], ['a']]",
jea,ចរអ៊ិអា,0,rule_generated,rule_omitted_r_sequence,1.3333,,,0.2433,0,,,,j e a,"[['j', 'r'], ['e'], ['a']]",
jea,ចរអ៊េអ,0,rule_generated,rule_omitted_r_sequence,1.3333,,,0.2433,0,,,,j e a,"[['j', 'r'], ['e'], ['a']]",
jea,ចរអ៊េអា,0,rule_generated,rule_omitted_r_sequence,1.3333,,,0.2433,0,,,,j e a,"[['j', 'r'], ['e'], ['a']]",
jea,ជរអ៊ិអ,0,rule_generated,rule_omitted_r_sequence,1.3333,,,0.2433,0,,,,j e a,"[['j', 'r'], ['e'], ['a']]",
jea,ជរអ៊ិអា,0,rule_generated,rule_omitted_r_sequence,1.3333,,,0.2433,0,,,,j e a,"[['j', 'r'], ['e'], ['a']]",
jea,ជរអ៊េអ,0,rule_generated,rule_omitted_r_sequence,1.3333,,,0.2433,0,,,,j e a,"[['j', 'r'], ['e'], ['a']]",
jea,ជរអ៊េអា,0,rule_generated,rule_omitted_r_sequence,1.3333,,,0.2433,0,,,,j e a,"[['j', 'r'], ['e'], ['a']]",
jea,ចៀ,1,rule_generated,rule_cv,1.7933,,,0.7,0,,,,j ea,[],
jea,ជៀ,1,rule_generated,rule_cv,1.7933,,,0.7,0,,,,j ea,[],
jea,ជែ,0,rule_generated,rule_cv,1.7933,,,0.7,0,,,,j ea,[],
jea,ចេអ,0,rule_generated,rule_sequence,1.56,,,0.47,0,,,,j e a,"[['j', 'e'], ['a']]",
jea,ចេអា,0,rule_generated,rule_sequence,1.56,,,0.47,0,,,,j e a,"[['j', 'e'], ['a']]",
jea,ចិអ,0,rule_generated,rule_sequence,1.56,,,0.47,0,,,,j e a,"[['j', 'e'], ['a']]",
jea,ចិអា,0,rule_generated,rule_sequence,1.56,,,0.47,0,,,,j e a,"[['j', 'e'], ['a']]",
jea,ជេអ,0,rule_generated,rule_sequence,1.56,,,0.47,0,,,,j e a,"[['j', 'e'], ['a']]",
jea,ជេអា,0,rule_generated,rule_sequence,1.56,,,0.47,0,,,,j e a,"[['j', 'e'], ['a']]",
jea,ជិអ,0,rule_generated,rule_sequence,1.56,,,0.47,0,,,,j e a,"[['j', 'e'], ['a']]",
jea,ជិអា,0,rule_generated,rule_sequence,1.56,,,0.47,0,,,,j e a,"[['j', 'e'], ['a']]",
rok,រក,1,exact_dictionary,dictionary_exact,4.006,,3,,1.003,1.0,rok,3,,'',
rok,រក៍,0,exact_dictionary,dictionary_exact,4.002,,1,,1.001,1.0,rok,1,,'',
rok,រឭក,0,exact_dictionary,dictionary_exact,4.002,,1,,1.001,1.0,rok,1,,'',
rok,រោគ,0,exact_dictionary,dictionary_exact,4.002,,1,,1.001,1.0,rok,1,,'',
rok,រ៉ក,1,exact_dictionary,dictionary_exact,4.002,,1,,1.001,1.0,rok,1,,'',
rok,រកា,0,dictionary_completion,dictionary_completion,3.3848571428571432,,1,,0.8939,0.8571,roka,1,,'',
rok,រោគី,0,dictionary_completion,dictionary_completion,3.3848571428571432,,1,,0.8939,0.8571,roki,1,,'',
rok,រកម,0,dictionary_completion,dictionary_completion,3.2944999999999998,,1,,0.8135,0.75,rokam,1,,'',
rok,រកាំ,0,dictionary_completion,dictionary_completion,3.2944999999999998,,1,,0.8135,0.75,rokam,1,,'',
rok,រគេន,0,dictionary_completion,dictionary_completion,3.2944999999999998,,1,,0.8135,0.75,roken,1,,'',
rok,រកេត,0,dictionary_completion,dictionary_completion,3.2944999999999998,,1,,0.8135,0.75,roket,1,,'',
rok,រគីម,0,dictionary_completion,dictionary_completion,3.2944999999999998,,1,,0.8135,0.75,rokim,1,,'',
rok,រគុប,0,dictionary_completion,dictionary_completion,3.2944999999999998,,1,,0.8135,0.75,rokob,1,,'',
rok,រគោល,0,dictionary_completion,dictionary_completion,3.2944999999999998,,1,,0.8135,0.75,rokol,1,,'',
rok,រកូត,0,dictionary_completion,dictionary_completion,3.2944999999999998,,1,,0.8135,0.75,rokot,1,,'',
rok,រ៉ក់,2,rule_generated,rule_cc_bantoc,1.85,,,0.76,0,,,,r o k,[],
rok,រង្រអ៊ង្ក,0,rule_generated,rule_omitted_r_sequence,1.62,,,0.53,0,,,,r o k,"[['r', 'r'], ['o', 'k']]",
rok,រង្រអ៊ង្គ,0,rule_generated,rule_omitted_r_sequence,1.62,,,0.53,0,,,,r o k,"[['r', 'r'], ['o', 'k']]",
rok,រ៉ង្រអ៊ង្ក,0,rule_generated,rule_omitted_r_sequence,1.62,,,0.53,0,,,,r o k,"[['r', 'r'], ['o', 'k']]",
rok,រ៉ង្រអ៊ង្គ,0,rule_generated,rule_omitted_r_sequence,1.62,,,0.53,0,,,,r o k,"[['r', 'r'], ['o', 'k']]",
rok,រម្រអ៊ង្ក,0,rule_generated,rule_omitted_r_sequence,1.62,,,0.53,0,,,,r o k,"[['r', 'r'], ['o', 'k']]",
rok,រម្រអ៊ង្គ,0,rule_generated,rule_omitted_r_sequence,1.62,,,0.53,0,,,,r o k,"[['r', 'r'], ['o', 'k']]",
rok,រ៉ម្រអ៊ង្ក,0,rule_generated,rule_omitted_r_sequence,1.62,,,0.53,0,,,,r o k,"[['r', 'r'], ['o', 'k']]",
rok,រ៉ម្រអ៊ង្គ,0,rule_generated,rule_omitted_r_sequence,1.62,,,0.53,0,,,,r o k,"[['r', 'r'], ['o', 'k']]",
rok,រ្រអ៊ង្ក,0,rule_generated,rule_omitted_r_sequence,1.6099999999999999,,,0.52,0,,,,r o k,"[['r', 'r'], ['o', 'k']]",
rok,រ្រអ៊ង្គ,0,rule_generated,rule_omitted_r_sequence,1.6099999999999999,,,0.52,0,,,,r o k,"[['r', 'r'], ['o', 'k']]",
rok,ររអ៊ង្ក,0,rule_generated,rule_omitted_r_sequence,1.4849999999999999,,,0.395,0,,,,r o k,"[['r', 'r'], ['o', 'k']]",
rok,ររអ៊ង្គ,0,rule_generated,rule_omitted_r_sequence,1.4849999999999999,,,0.395,0,,,,r o k,"[['r', 'r'], ['o', 'k']]",
rok,រ៉រអ៊ង្ក,0,rule_generated,rule_omitted_r_sequence,1.4849999999999999,,,0.395,0,,,,r o k,"[['r', 'r'], ['o', 'k']]",
rok,រ៉រអ៊ង្គ,0,rule_generated,rule_omitted_r_sequence,1.4849999999999999,,,0.395,0,,,,r o k,"[['r', 'r'], ['o', 'k']]",
rok,រង្រអ៊ក,0,rule_generated,rule_omitted_r_sequence,1.4849999999999999,,,0.395,0,,,,r o k,"[['r', 'r'], ['o', 'k']]",
rok,រ៉ង្រអ៊ក,0,rule_generated,rule_omitted_r_sequence,1.4849999999999999,,,0.395,0,,,,r o k,"[['r', 'r'], ['o', 'k']]",
rok,រម្រអ៊ក,0,rule_generated,rule_omitted_r_sequence,1.4849999999999999,,,0.395,0,,,,r o k,"[['r', 'r'], ['o', 'k']]",
rok,រ៉ម្រអ៊ក,0,rule_generated,rule_omitted_r_sequence,1.4849999999999999,,,0.395,0,,,,r o k,"[['r', 'r'], ['o', 'k']]",
rok,រ្រអ៊ក,0,rule_generated,rule_omitted_r_sequence,1.475,,,0.385,0,,,,r o k,"[['r', 'r'], ['o', 'k']]",
rok,ររអ៊ក,0,rule_generated,rule_omitted_r_sequence,1.35,,,0.26,0,,,,r o k,"[['r', 'r'], ['o', 'k']]",
rok,រ៉រអ៊ក,0,rule_generated,rule_omitted_r_sequence,1.35,,,0.26,0,,,,r o k,"[['r', 'r'], ['o', 'k']]",
rok,រោក,1,rule_generated,rule_cvc,2.7338571428571425,,,0.75,0.8939,0.8571,rouk,1,r o k,[],
rok,រ៉ុក,0,rule_generated,rule_cvc,1.8399999999999999,,,0.75,0,,,,r o k,[],
rok,រ៉ូក,1,rule_generated,rule_cvc,1.8399999999999999,,,0.75,0,,,,r o k,[],
sam,សាំ,1,exact_dictionary,dictionary_exact,4.002,,1,,1.001,1.0,sam,1,,'',
sam,ស៊ាំ,1,exact_dictionary,dictionary_exact,4.002,,1,,1.001,1.0,sam,1,,'',
sam,សាម,1,rule_generated,rule_cvc,1.8399999999999999,,,0.75,0,,,,s a m,[],
pi,ពី,1,exact_dictionary,dictionary_exact,4.19,,95,,1.095,1.0,pi,95,,'',
pi,ពីរ,1,exact_dictionary,dictionary_exact,4.004,,2,,1.002,1.0,pi,2,,'',
pi,ប៉ី,1,rule_generated,rule_cv,2.341,,,0.7,0.551,0.4,bei,1,p i,[],
pi,ប៉ឹ,1,rule_generated,rule_cv,1.79,,,0.7,0,,,,p i,[],
thom,ធំ,1,exact_dictionary,dictionary_exact,4.18,,90,,1.09,1.0,thom,90,,'',
thom,ធុំ,1,rule_generated,rule_cv,2.626,,,0.7,0.751,0.6667,thuum,1,th om,[],
thom,ថុំ,1,rule_generated,rule_cv,1.875,,,0.7,0,,,,th om,[],
thom,ឋុំ,1,rule_generated,rule_cv,1.875,,,0.7,0,,,,th om,[],
thom,ថុម,1,rule_generated,rule_cvc,1.8425,,,0.75,0,,,,th o m,[],
thom,ថម,1,rule_generated,rule_inherent_vowel,1.7425000000000002,,,0.65,0,,,,th o m,[],
thom,ឋម,1,rule_generated,rule_inherent_vowel,1.7425000000000002,,,0.65,0,,,,th o m,[],
thom,ធម,1,rule_generated,rule_inherent_vowel,1.7425000000000002,,,0.65,0,,,,th o m,[],
houy,ហួយ,1,exact_dictionary,dictionary_exact,4.002,,1,,1.001,1.0,houy,1,,'',
houy,ហើយ,1,exact_dictionary,dictionary_exact,4.002,,1,,1.001,1.0,houy,1,,'',
ke,គេ,1,exact_dictionary,dictionary_exact,4.2,,100,,1.1,1.0,ke,100,,'',
ke,កេរ,1,exact_dictionary,dictionary_exact,4.002,,1,,1.001,1.0,ke,1,,'',
ke,កេរ្តិ៍,1,exact_dictionary,dictionary_exact,4.002,,1,,1.001,1.0,ke,1,,'',
kesrolanh,គេស្រលាញ់,1,dictionary_compound,dictionary_compound,2.4675,,195,,0,,,,,"[{'romanized': 'ke', 'khmer': 'គេ', 'source': 'dictionary_exact'}, {'romanized': 'srolanh', 'khmer': 'ស្រលាញ់', 'source': 'dictionary_exact'}]",
kesrolanh,គេស្រឡាញ់,1,dictionary_compound,dictionary_compound,2.4204999999999997,,101,,0,,,,,"[{'romanized': 'ke', 'khmer': 'គេ', 'source': 'dictionary_exact'}, {'romanized': 'srolanh', 'khmer': 'ស្រឡាញ់', 'source': 'dictionary_exact'}]",
